Dates,Links
Daily Price Report - 07 March 2024,https://www.cbsl.gov.lk/sites/default/files/cbslweb_documents/statistics/pricerpt/price_report_20240307_e.pdf
Daily Price Report - 06 March 2024,https://www.cbsl.gov.lk/sites/default/files/cbslweb_documents/statistics/pricerpt/price_report_20240306_e.pdf
Daily Price Report - 05 March 2024,https://www.cbsl.gov.lk/sites/default/files/cbslweb_documents/statistics/pricerpt/price_report_20240305.pdf
Daily Price Report - 04 March 2024,https://www.cbsl.gov.lk/sites/default/files/cbslweb_documents/statistics/pricerpt/price_report_20240304_e.pdf
Daily Price Report - 01 March 2024,https://www.cbsl.gov.lk/sites/default/files/cbslweb_documents/statistics/pricerpt/price_report_20240301_e.pdf
Daily Price Report - 29 February 2024,https://www.cbsl.gov.lk/sites/default/files/cbslweb_documents/statistics/pricerpt/price_report_20240229_e.pdf
Daily Price Report - 28 February 2024,https://www.cbsl.gov.lk/sites/default/files/cbslweb_documents/statistics/pricerpt/price_report_20240228_e.pdf
Daily Price Report - 27 February 2024,https://www.cbsl.gov.lk/sites/default/files/cbslweb_documents/statistics/pricerpt/price_report_20240227_e.pdf
Daily Price Report - 26 February 2024,https://www.cbsl.gov.lk/sites/default/files/cbslweb_documents/statistics/pricerpt/price_report_20240226_e.pdf
Daily Price Report - 22 February 2024,https://www.cbsl.gov.lk/sites/default/files/cbslweb_documents/statistics/pricerpt/price_report_20240222_e.pdf
Daily Price Report - 21 February 2024,https://www.cbsl.gov.lk/sites/default/files/cbslweb_documents/statistics/pricerpt/price_report_20240221.pdf
Daily Price Report - 20 February 2024,https://www.cbsl.gov.lk/sites/default/files/cbslweb_documents/statistics/pricerpt/price_report_20240220_e.pdf
Daily Price Report - 19 February 2024,https://www.cbsl.gov.lk/sites/default/files/cbslweb_documents/statistics/pricerpt/price_report_20240219_e.pdf
Daily Price Report - 16 February 2024,https://www.cbsl.gov.lk/sites/default/files/cbslweb_documents/statistics/pricerpt/price_report_20240216.pdf
Daily Price Report - 15 February 2024,https://www.cbsl.gov.lk/sites/default/files/cbslweb_documents/statistics/pricerpt/price_report_20240215_e.pdf
Daily Price Report - 14 February 2024,https://www.cbsl.gov.lk/sites/default/files/cbslweb_documents/statistics/pricerpt/price_report_20240214_e.pdf
Daily Price Report - 13 February 2024,https://www.cbsl.gov.lk/sites/default/files/cbslweb_documents/statistics/pricerpt/price_report_20240213_e.pdf
Daily Price Report - 12 February 2024,https://www.cbsl.gov.lk/sites/default/files/cbslweb_documents/statistics/pricerpt/price_report_20240212_e.pdf
Daily Price Report - 09 February 2024,https://www.cbsl.gov.lk/sites/default/files/cbslweb_documents/statistics/pricerpt/price_report_20240209_e.pdf
Daily Price Report - 08 February 2024,https://www.cbsl.gov.lk/sites/default/files/cbslweb_documents/statistics/pricerpt/price_report_20240208.pdf
Daily Price Report - 07 February 2024,https://www.cbsl.gov.lk/sites/default/files/cbslweb_documents/statistics/pricerpt/price_report_20240207.pdf
Daily Price Report - 06 February 2024,https://www.cbsl.gov.lk/sites/default/files/cbslweb_documents/statistics/pricerpt/price_report_20240206.pdf
Daily Price Report - 05 February 2024,https://www.cbsl.gov.lk/sites/default/files/cbslweb_documents/statistics/pricerpt/price_report_20240205_e.pdf
Daily Price Report - 02 February 2024,https://www.cbsl.gov.lk/sites/default/files/cbslweb_documents/statistics/pricerpt/price_report_20240202_e.pdf
Daily Price Report - 01 February 2024,https://www.cbsl.gov.lk/sites/default/files/cbslweb_documents/statistics/pricerpt/price_report_20240201_e.pdf
Daily Price Report - 31 January 2024,https://www.cbsl.gov.lk/sites/default/files/cbslweb_documents/statistics/pricerpt/price_report_20240131.pdf
Daily Price Report - 30 January 2024,https://www.cbsl.gov.lk/sites/default/files/cbslweb_documents/statistics/pricerpt/price_report_20240130.pdf
Daily Price Report - 29 January 2024,https://www.cbsl.gov.lk/sites/default/files/cbslweb_documents/statistics/pricerpt/price_report_20240129_e.pdf
Daily Price Report - 26 January 2024,https://www.cbsl.gov.lk/sites/default/files/cbslweb_documents/statistics/pricerpt/price_report_20240126.pdf
Daily Price Report - 24 January 2024,https://www.cbsl.gov.lk/sites/default/files/cbslweb_documents/statistics/pricerpt/price_report_20240124_e.pdf
Daily Price Report - 23 January 2024,https://www.cbsl.gov.lk/sites/default/files/cbslweb_documents/statistics/pricerpt/price_report_20240123_e.pdf
Daily Price Report - 22 January 2024,https://www.cbsl.gov.lk/sites/default/files/cbslweb_documents/statistics/pricerpt/price_report_20240122_e.pdf
Daily Price Report - 19 January 2024,https://www.cbsl.gov.lk/sites/default/files/cbslweb_documents/statistics/pricerpt/price_report_20240119_e.pdf
Daily Price Report - 18 January 2024,https://www.cbsl.gov.lk/sites/default/files/cbslweb_documents/statistics/pricerpt/price_report_20240118.pdf
Daily Price Report - 17 January 2024,https://www.cbsl.gov.lk/sites/default/files/cbslweb_documents/statistics/pricerpt/price_report_20240117_e.pdf
Daily Price Report - 16 January 2024,https://www.cbsl.gov.lk/sites/default/files/cbslweb_documents/statistics/pricerpt/price_report_20240116_e.pdf
Daily Price Report - 12 January 2024,https://www.cbsl.gov.lk/sites/default/files/cbslweb_documents/statistics/pricerpt/price_report_20240112_e.pdf
Daily Price Report - 11 January 2024,https://www.cbsl.gov.lk/sites/default/files/cbslweb_documents/statistics/pricerpt/price_report_20240111_e.pdf
Daily Price Report - 10 January 2024,https://www.cbsl.gov.lk/sites/default/files/cbslweb_documents/statistics/pricerpt/price_report_20240110_e.pdf
Daily Price Report - 09 January 2024,https://www.cbsl.gov.lk/sites/default/files/cbslweb_documents/statistics/pricerpt/price_report_20240109.pdf
Daily Price Report - 08 January 2024,https://www.cbsl.gov.lk/sites/default/files/cbslweb_documents/statistics/pricerpt/price_report_20240108_e.pdf
Daily Price Report - 05 January 2024,https://www.cbsl.gov.lk/sites/default/files/cbslweb_documents/statistics/pricerpt/price_report_20240105_e.pdf
Daily Price Report - 04 January 2024,https://www.cbsl.gov.lk/sites/default/files/cbslweb_documents/statistics/pricerpt/price_report_20240104_e.pdf
Daily Price Report - 03 January 2024,https://www.cbsl.gov.lk/sites/default/files/cbslweb_documents/statistics/pricerpt/price_report_20240103_e.pdf
Daily Price Report - 02 January 2024,https://www.cbsl.gov.lk/sites/default/files/cbslweb_documents/statistics/pricerpt/price_report_20240102_e.pdf
Daily Price Report - 01 January 2024,https://www.cbsl.gov.lk/sites/default/files/cbslweb_documents/statistics/pricerpt/Daily%20Price%20Report%2001.01.2024.pdf
Daily Price Report - 29 December 2023,https://www.cbsl.gov.lk/sites/default/files/cbslweb_documents/statistics/pricerpt/price_report_20231229_e.pdf
Daily Price Report - 28 December 2023,https://www.cbsl.gov.lk/sites/default/files/cbslweb_documents/statistics/pricerpt/price_report_20231228_e.pdf
Daily Price Report - 27 December 2023,https://www.cbsl.gov.lk/sites/default/files/cbslweb_documents/statistics/pricerpt/price_report_20231227_e.pdf
Daily Price Report - 22 December 2023,https://www.cbsl.gov.lk/sites/default/files/cbslweb_documents/statistics/pricerpt/price_report_20231222_e.pdf
Daily Price Report - 21 December 2023,https://www.cbsl.gov.lk/sites/default/files/cbslweb_documents/statistics/pricerpt/price_report_20231221.pdf
Daily Price Report - 20 December 2023,https://www.cbsl.gov.lk/sites/default/files/cbslweb_documents/statistics/pricerpt/price_report_20231220_e.pdf
Daily Price Report - 19 December 2023,https://www.cbsl.gov.lk/sites/default/files/cbslweb_documents/statistics/pricerpt/price_report_20231219_e.pdf
Daily Price Report - 18 December 2023,https://www.cbsl.gov.lk/sites/default/files/cbslweb_documents/statistics/pricerpt/price_report_20231218_e.pdf
Daily Price Report - 15 December 2023,https://www.cbsl.gov.lk/sites/default/files/cbslweb_documents/statistics/pricerpt/price_report_20231215_e.pdf
Daily Price Report - 14 December 2023,https://www.cbsl.gov.lk/sites/default/files/cbslweb_documents/statistics/pricerpt/price_report_20231214_e.pdf
Daily Price Report - 13 December 2023,https://www.cbsl.gov.lk/sites/default/files/cbslweb_documents/statistics/pricerpt/price_report_20231213_e.pdf
Daily Price Report - 12 December 2023,https://www.cbsl.gov.lk/sites/default/files/cbslweb_documents/statistics/pricerpt/price_report_20231212_e.pdf
Daily Price Report - 11 December 2023,https://www.cbsl.gov.lk/sites/default/files/cbslweb_documents/statistics/pricerpt/price_report_20231211_e.pdf
Daily Price Report - 08 December 2023,https://www.cbsl.gov.lk/sites/default/files/cbslweb_documents/statistics/pricerpt/price_report_20231208.pdf
Daily Price Report - 07 December 2023,https://www.cbsl.gov.lk/sites/default/files/cbslweb_documents/statistics/pricerpt/price_report_20231207_e.pdf
Daily Price Report - 06 December 2023,https://www.cbsl.gov.lk/sites/default/files/cbslweb_documents/statistics/pricerpt/price_report_20231206_e.pdf
Daily Price Report - 05 December 2023,https://www.cbsl.gov.lk/sites/default/files/cbslweb_documents/statistics/pricerpt/price_report_20231205.pdf
Daily Price Report - 04 December 2023,https://www.cbsl.gov.lk/sites/default/files/cbslweb_documents/statistics/pricerpt/price_report_20231204_e.pdf
Daily Price Report - 01 December 2023,https://www.cbsl.gov.lk/sites/default/files/cbslweb_documents/statistics/pricerpt/price_report_20231201_e.pdf
Daily Price Report - 30 November 2023,https://www.cbsl.gov.lk/sites/default/files/cbslweb_documents/statistics/pricerpt/price_report_20231130.pdf
Daily Price Report - 29 November 2023,https://www.cbsl.gov.lk/sites/default/files/cbslweb_documents/statistics/pricerpt/price_report_20231129_e.pdf
Daily Price Report - 28 November 2023,https://www.cbsl.gov.lk/sites/default/files/cbslweb_documents/statistics/pricerpt/price_report_20231128_e.pdf
Daily Price Report - 27 November 2023,https://www.cbsl.gov.lk/sites/default/files/cbslweb_documents/statistics/pricerpt/price_report_20231127_e.pdf
Daily Price Report - 24 November 2023,https://www.cbsl.gov.lk/sites/default/files/cbslweb_documents/statistics/pricerpt/price_report_20231124_e.pdf
Daily Price Report - 23 November 2023,https://www.cbsl.gov.lk/sites/default/files/cbslweb_documents/statistics/pricerpt/price_report_20231123_e.pdf
Daily Price Report - 22 November 2023,https://www.cbsl.gov.lk/sites/default/files/cbslweb_documents/statistics/pricerpt/price_report_20231122.pdf
Daily Price Report - 21 November 2023,https://www.cbsl.gov.lk/sites/default/files/cbslweb_documents/statistics/pricerpt/price_report_20231121.pdf
Daily Price Report - 20 November 2023,https://www.cbsl.gov.lk/sites/default/files/cbslweb_documents/statistics/pricerpt/price_report_20231120.pdf
Daily Price Report - 17 November 2023,https://www.cbsl.gov.lk/sites/default/files/cbslweb_documents/statistics/pricerpt/price_report_20231117_e.pdf
Daily Price Report - 16 November 2023,https://www.cbsl.gov.lk/sites/default/files/cbslweb_documents/statistics/pricerpt/price_report_20231116_e.pdf
Daily Price Report - 15 November 2023,https://www.cbsl.gov.lk/sites/default/files/cbslweb_documents/statistics/pricerpt/price_report_20231115.pdf
Daily Price Report - 14 November 2023,https://www.cbsl.gov.lk/sites/default/files/cbslweb_documents/statistics/pricerpt/price_report_20231114.pdf
Daily Price Report - 13 November 2023,https://www.cbsl.gov.lk/sites/default/files/cbslweb_documents/statistics/pricerpt/price_report_20231113.pdf
Daily Price Report - 10 November 2023,https://www.cbsl.gov.lk/sites/default/files/cbslweb_documents/statistics/pricerpt/price_report_20231110_e.pdf
Daily Price Report - 09 November 2023,https://www.cbsl.gov.lk/sites/default/files/cbslweb_documents/statistics/pricerpt/price_report_20231109_e.pdf
Daily Price Report - 08 November 2023,https://www.cbsl.gov.lk/sites/default/files/cbslweb_documents/statistics/pricerpt/price_report_20231108_e.pdf
Daily Price Report - 07 November 2023,https://www.cbsl.gov.lk/sites/default/files/cbslweb_documents/statistics/pricerpt/price_report_20231107_e.pdf
Daily Price Report - 06 November 2023,https://www.cbsl.gov.lk/sites/default/files/cbslweb_documents/statistics/pricerpt/price_report_20231106_e.pdf
Daily Price Report - 03 November 2023,https://www.cbsl.gov.lk/sites/default/files/cbslweb_documents/statistics/pricerpt/price_report_20231103_e.pdf
Daily Price Report - 02 November 2023,https://www.cbsl.gov.lk/sites/default/files/cbslweb_documents/statistics/pricerpt/price_report_20231102_e.pdf
Daily Price Report - 01 November 2023,https://www.cbsl.gov.lk/sites/default/files/cbslweb_documents/statistics/pricerpt/price_report_20231101_e.pdf
Daily Price Report - 31 October 2023,https://www.cbsl.gov.lk/sites/default/files/cbslweb_documents/statistics/pricerpt/price_report_20231031e.pdf
Daily Price Report - 30 October 2023,https://www.cbsl.gov.lk/sites/default/files/cbslweb_documents/statistics/pricerpt/price_report_20231030e.pdf
Daily Price Report - 27 October 2023,https://www.cbsl.gov.lk/sites/default/files/cbslweb_documents/statistics/pricerpt/price_report_20231027_e.pdf
Daily Price Report - 26 October 2023,https://www.cbsl.gov.lk/sites/default/files/cbslweb_documents/statistics/pricerpt/price_report_20231026_e.pdf
Daily Price Report - 25 October 2023,https://www.cbsl.gov.lk/sites/default/files/cbslweb_documents/statistics/pricerpt/price_report_20231025e.pdf
Daily Price Report - 24 October 2023,https://www.cbsl.gov.lk/sites/default/files/cbslweb_documents/statistics/pricerpt/price_report_20231024_e.pdf
Daily Price Report - 23 October 2023,https://www.cbsl.gov.lk/sites/default/files/cbslweb_documents/statistics/pricerpt/price_report_20231023e.pdf
Daily Price Report - 20 October 2023,https://www.cbsl.gov.lk/sites/default/files/cbslweb_documents/statistics/pricerpt/price_report_20231020_e.pdf
Daily Price Report - 19 October 2023,https://www.cbsl.gov.lk/sites/default/files/cbslweb_documents/statistics/pricerpt/price_report_20231019_e.pdf
Daily Price Report - 18 October 2023,https://www.cbsl.gov.lk/sites/default/files/cbslweb_documents/statistics/pricerpt/price_report_20231018.pdf
Daily Price Report - 17 October 2023,https://www.cbsl.gov.lk/sites/default/files/cbslweb_documents/statistics/pricerpt/price_report_20231017.pdf
Daily Price Report - 16 October 2023,https://www.cbsl.gov.lk/sites/default/files/cbslweb_documents/statistics/pricerpt/price_report_20231016_e.pdf
Daily Price Report - 13 October 2023,https://www.cbsl.gov.lk/sites/default/files/cbslweb_documents/statistics/pricerpt/price_report_20231013.pdf
Daily Price Report - 12 October 2023,https://www.cbsl.gov.lk/sites/default/files/cbslweb_documents/statistics/pricerpt/price_report_20231012.pdf
Daily Price Report - 11 October 2023,https://www.cbsl.gov.lk/sites/default/files/cbslweb_documents/statistics/pricerpt/price_report_20231011_e.pdf
Daily Price Report - 10 October 2023,https://www.cbsl.gov.lk/sites/default/files/cbslweb_documents/statistics/pricerpt/price_report_20231010_e.pdf
Daily Price Report - 09 October 2023,https://www.cbsl.gov.lk/sites/default/files/cbslweb_documents/statistics/pricerpt/price_report_20231009_e.pdf
Daily Price Report - 06 October 2023,https://www.cbsl.gov.lk/sites/default/files/cbslweb_documents/statistics/pricerpt/price_report_20231006_e.pdf
Daily Price Report - 05 October 2023,https://www.cbsl.gov.lk/sites/default/files/cbslweb_documents/statistics/pricerpt/price_report_20231005.pdf
Daily Price Report - 04 October 2023,https://www.cbsl.gov.lk/sites/default/files/cbslweb_documents/statistics/pricerpt/price_report_20231004_e.pdf
Daily Price Report - 03 October 2023,https://www.cbsl.gov.lk/sites/default/files/cbslweb_documents/statistics/pricerpt/price_report_20231003e.pdf
Daily Price Report - 02 October 2023,https://www.cbsl.gov.lk/sites/default/files/cbslweb_documents/statistics/pricerpt/price_report_20231002e.pdf
Daily Price Report - 27 September 2023,https://www.cbsl.gov.lk/sites/default/files/cbslweb_documents/statistics/pricerpt/price_report_20230927_e.pdf
Daily Price Report - 26 September 2023,https://www.cbsl.gov.lk/sites/default/files/cbslweb_documents/statistics/pricerpt/price_report_20230926.pdf
Daily Price Report - 25 September 2023,https://www.cbsl.gov.lk/sites/default/files/cbslweb_documents/statistics/pricerpt/price_report_20230925_e.pdf
Daily Price Report - 22 September 2023,https://www.cbsl.gov.lk/sites/default/files/cbslweb_documents/statistics/pricerpt/price_report_20230922_e.pdf
Daily Price Report - 21 September 2023,https://www.cbsl.gov.lk/sites/default/files/cbslweb_documents/statistics/pricerpt/price_report_20230921.pdf
Daily Price Report - 20 September 2023,https://www.cbsl.gov.lk/sites/default/files/cbslweb_documents/statistics/pricerpt/price_report_20230920.pdf
Daily Price Report - 19 September 2023,https://www.cbsl.gov.lk/sites/default/files/cbslweb_documents/statistics/pricerpt/price_report_20230919e.pdf
Daily Price Report - 18 September 2023,https://www.cbsl.gov.lk/sites/default/files/cbslweb_documents/statistics/pricerpt/price_report_20230918_e_0.pdf
Daily Price Report - 15 September 2023,https://www.cbsl.gov.lk/sites/default/files/cbslweb_documents/statistics/pricerpt/price_report_20230915_e.pdf
Daily Price Report - 14 September 2023,https://www.cbsl.gov.lk/sites/default/files/cbslweb_documents/statistics/pricerpt/price_report_20230914_e.pdf
Daily Price Report - 13 September 2023,https://www.cbsl.gov.lk/sites/default/files/cbslweb_documents/statistics/pricerpt/price_report_20230913_e.pdf
Daily Price Report - 12 September 2023,https://www.cbsl.gov.lk/sites/default/files/cbslweb_documents/statistics/pricerpt/price_report_20230912_e.pdf
Daily Price Report - 11 September 2023,https://www.cbsl.gov.lk/sites/default/files/cbslweb_documents/statistics/pricerpt/price_report_20230911_e.pdf
Daily Price Report - 08 September 2023,https://www.cbsl.gov.lk/sites/default/files/cbslweb_documents/statistics/pricerpt/price_report_20230908.pdf
Daily Price Report - 07 September 2023,https://www.cbsl.gov.lk/sites/default/files/cbslweb_documents/statistics/pricerpt/price_report_20230907.pdf
Daily Price Report - 06 September 2023,https://www.cbsl.gov.lk/sites/default/files/cbslweb_documents/statistics/pricerpt/price_report_20230906_e.pdf
Daily Price Report - 05 September 2023,https://www.cbsl.gov.lk/sites/default/files/cbslweb_documents/statistics/pricerpt/price_report_20230905_e.pdf
Daily Price Report - 04 September 2023,https://www.cbsl.gov.lk/sites/default/files/cbslweb_documents/statistics/pricerpt/price_report_20230904_e.pdf
Daily Price Report - 01 September 2023,https://www.cbsl.gov.lk/sites/default/files/cbslweb_documents/statistics/pricerpt/price_report_20230901_e.pdf
Daily Price Report - 31 August 2023,https://www.cbsl.gov.lk/sites/default/files/cbslweb_documents/statistics/pricerpt/price_report_20230831_e.pdf
Daily Price Report - 29 August 2023,https://www.cbsl.gov.lk/sites/default/files/cbslweb_documents/statistics/pricerpt/price_report_20230829_e.pdf
Daily Price Report - 28 August 2023,https://www.cbsl.gov.lk/sites/default/files/cbslweb_documents/statistics/pricerpt/price_report_20230828.pdf
Daily Price Report - 25 August 2023,https://www.cbsl.gov.lk/sites/default/files/cbslweb_documents/statistics/pricerpt/price_report_20230825_e.pdf
Daily Price Report - 24 August 2023,https://www.cbsl.gov.lk/sites/default/files/cbslweb_documents/statistics/pricerpt/price_report_20200824e_0.pdf
Daily Price Report - 23 August 2023,https://www.cbsl.gov.lk/sites/default/files/cbslweb_documents/statistics/pricerpt/price_report_20230823_e.pdf
Daily Price Report - 22 August 2023,https://www.cbsl.gov.lk/sites/default/files/cbslweb_documents/statistics/pricerpt/price_report_20230822_e.pdf
Daily Price Report - 21 August 2023,https://www.cbsl.gov.lk/sites/default/files/cbslweb_documents/statistics/pricerpt/price_report_20230821e.pdf
Daily Price Report - 18 August 2023,https://www.cbsl.gov.lk/sites/default/files/cbslweb_documents/statistics/pricerpt/price_report_20230818_e.pdf
Daily Price Report - 17 August 2023,https://www.cbsl.gov.lk/sites/default/files/cbslweb_documents/statistics/pricerpt/price_report_20230817_e.pdf
Daily Price Report - 16 August 2023,https://www.cbsl.gov.lk/sites/default/files/cbslweb_documents/statistics/pricerpt/price_report_20230816e.pdf
Daily Price Report - 15 August 2023,https://www.cbsl.gov.lk/sites/default/files/cbslweb_documents/statistics/pricerpt/price_report_20230815_e.pdf
Daily Price Report - 14 August 2023,https://www.cbsl.gov.lk/sites/default/files/cbslweb_documents/statistics/pricerpt/price_report_20230814_e.pdf
Daily Price Report - 11 August 2023,https://www.cbsl.gov.lk/sites/default/files/cbslweb_documents/statistics/pricerpt/price_report_20230811.pdf
Daily Price Report - 10 August 2023,https://www.cbsl.gov.lk/sites/default/files/cbslweb_documents/statistics/pricerpt/price_report_20230810.pdf
Daily Price Report - 09 August 2023,https://www.cbsl.gov.lk/sites/default/files/cbslweb_documents/statistics/pricerpt/price_report_20230809.pdf
Daily Price Report - 08 August 2023,https://www.cbsl.gov.lk/sites/default/files/cbslweb_documents/statistics/pricerpt/price_report_20230808.pdf
Daily Price Report - 07 August 2023,https://www.cbsl.gov.lk/sites/default/files/cbslweb_documents/statistics/pricerpt/price_report_20230807_e.pdf
Daily Price Report - 04 August 2023,https://www.cbsl.gov.lk/sites/default/files/cbslweb_documents/statistics/pricerpt/price_report_20230804.pdf
Daily Price Report - 03 August 2023,https://www.cbsl.gov.lk/sites/default/files/cbslweb_documents/statistics/pricerpt/price_report_20230803_e.pdf
Daily Price Report - 02 August 2023,https://www.cbsl.gov.lk/sites/default/files/cbslweb_documents/statistics/pricerpt/price_report_20230802_e.pdf
Daily Price Report - 31 July 2023,https://www.cbsl.gov.lk/sites/default/files/cbslweb_documents/statistics/pricerpt/price_report_20230731.pdf
Daily Price Report - 28 July 2023,https://www.cbsl.gov.lk/sites/default/files/cbslweb_documents/statistics/pricerpt/price_report_20230728e.pdf
Daily Price Report - 27 July 2023,https://www.cbsl.gov.lk/sites/default/files/cbslweb_documents/statistics/pricerpt/price_report_20230727_e.pdf
Daily Price Report - 26 July 2023,https://www.cbsl.gov.lk/sites/default/files/cbslweb_documents/statistics/pricerpt/price_report_20230726_e.pdf
Daily Price Report - 25 July 2023,https://www.cbsl.gov.lk/sites/default/files/cbslweb_documents/statistics/pricerpt/price_report_20230725.pdf
Daily Price Report - 24 July 2023,https://www.cbsl.gov.lk/sites/default/files/cbslweb_documents/statistics/pricerpt/price_report_20230724_e.pdf
Daily Price Report - 21 July 2023,https://www.cbsl.gov.lk/sites/default/files/cbslweb_documents/statistics/pricerpt/price_report_20230721_e.pdf
Daily Price Report - 20 July 2023,https://www.cbsl.gov.lk/sites/default/files/cbslweb_documents/statistics/pricerpt/price_report_20230720.pdf
Daily Price Report - 19 July 2023,https://www.cbsl.gov.lk/sites/default/files/cbslweb_documents/statistics/pricerpt/price_report_20230719_e.pdf
Daily Price Report - 18 July 2023,https://www.cbsl.gov.lk/sites/default/files/cbslweb_documents/statistics/pricerpt/price_report_20230718_e.pdf
Daily Price Report - 17 July 2023,https://www.cbsl.gov.lk/sites/default/files/cbslweb_documents/statistics/pricerpt/price_report_20230717_e.pdf
Daily Price Report - 14 July 2023,https://www.cbsl.gov.lk/sites/default/files/cbslweb_documents/statistics/pricerpt/price_report_20230714_e.pdf
Daily Price Report - 13 July 2023,https://www.cbsl.gov.lk/sites/default/files/cbslweb_documents/statistics/pricerpt/price_report_20230713_e.pdf
Daily Price Report - 12 July 2023,https://www.cbsl.gov.lk/sites/default/files/cbslweb_documents/statistics/pricerpt/price_report_20230712_e.pdf
Daily Price Report - 11 July 2023,https://www.cbsl.gov.lk/sites/default/files/cbslweb_documents/statistics/pricerpt/price_report_20230711_e.pdf
Daily Price Report - 10 July 2023,https://www.cbsl.gov.lk/sites/default/files/cbslweb_documents/statistics/pricerpt/price_report_20230710.pdf
Daily Price Report - 07 July 2023,https://www.cbsl.gov.lk/sites/default/files/cbslweb_documents/statistics/pricerpt/price_report_20230707_e.pdf
Daily Price Report - 06 July 2023,https://www.cbsl.gov.lk/sites/default/files/cbslweb_documents/statistics/pricerpt/price_report_20230706_e.pdf
Daily Price Report - 05 July 2023,https://www.cbsl.gov.lk/sites/default/files/cbslweb_documents/statistics/pricerpt/price_report_20230705_e.pdf
Daily Price Report - 04 July 2023,https://www.cbsl.gov.lk/sites/default/files/cbslweb_documents/statistics/pricerpt/price_report_20230704.pdf
Daily Price Report - 28 June 2023,https://www.cbsl.gov.lk/sites/default/files/cbslweb_documents/statistics/pricerpt/price_report_20230628_e.pdf
Daily Price Report - 27 June 2023,https://www.cbsl.gov.lk/sites/default/files/cbslweb_documents/statistics/pricerpt/price_report_20230627_e.pdf
Daily Price Report - 26 June 2023,https://www.cbsl.gov.lk/sites/default/files/cbslweb_documents/statistics/pricerpt/price_report_20230626.pdf
Daily Price Report - 23 June 2023,https://www.cbsl.gov.lk/sites/default/files/cbslweb_documents/statistics/pricerpt/price_report_20230623.pdf
Daily Price Report - 22 June 2023,https://www.cbsl.gov.lk/sites/default/files/cbslweb_documents/statistics/pricerpt/price_report_20230622.pdf
Daily Price Report - 21 June 2023,https://www.cbsl.gov.lk/sites/default/files/cbslweb_documents/statistics/pricerpt/price_report_20230621_e.pdf
Daily Price Report - 20 June 2023,https://www.cbsl.gov.lk/sites/default/files/cbslweb_documents/statistics/pricerpt/price_report_20230620_e.pdf
Daily Price Report - 19 June 2023,https://www.cbsl.gov.lk/sites/default/files/cbslweb_documents/statistics/pricerpt/price_report_20230619_e.pdf
Daily Price Report - 16 June 2023,https://www.cbsl.gov.lk/sites/default/files/cbslweb_documents/statistics/pricerpt/price_report_20230616_e.pdf
Daily Price Report - 15 June 2023,https://www.cbsl.gov.lk/sites/default/files/cbslweb_documents/statistics/pricerpt/price_report_20230615_e.pdf
Daily Price Report - 14 June 2023,https://www.cbsl.gov.lk/sites/default/files/cbslweb_documents/statistics/pricerpt/price_report_20230614_e.pdf
Daily Price Report - 13 June 2023,https://www.cbsl.gov.lk/sites/default/files/cbslweb_documents/statistics/pricerpt/price_report_20230613_e.pdf
Daily Price Report - 12 June 2023,https://www.cbsl.gov.lk/sites/default/files/cbslweb_documents/statistics/pricerpt/price_report_20230612_e.pdf
Daily Price Report - 09 June 2023,https://www.cbsl.gov.lk/sites/default/files/cbslweb_documents/statistics/pricerpt/price_report_20230609.pdf
Daily Price Report - 08 June 2023,https://www.cbsl.gov.lk/sites/default/files/cbslweb_documents/statistics/pricerpt/price_report_20230608.pdf
Daily Price Report - 07 June 2023,https://www.cbsl.gov.lk/sites/default/files/cbslweb_documents/statistics/pricerpt/price_report_20230607.pdf
Daily Price Report - 06 June 2023,https://www.cbsl.gov.lk/sites/default/files/cbslweb_documents/statistics/pricerpt/price_report_20230606_e0.pdf
Daily Price Report - 05 June 2023,https://www.cbsl.gov.lk/sites/default/files/cbslweb_documents/statistics/pricerpt/price_report_20230605_e.pdf
Daily Price Report - 02 June 2023,https://www.cbsl.gov.lk/sites/default/files/cbslweb_documents/statistics/pricerpt/price_report_20230602_e.pdf
Daily Price Report - 01 June 2023,https://www.cbsl.gov.lk/sites/default/files/cbslweb_documents/statistics/pricerpt/price_report_20230601_e.pdf
Daily Price Report - 31 May 2023,https://www.cbsl.gov.lk/sites/default/files/cbslweb_documents/statistics/pricerpt/price_report_20230531_e.pdf
Daily Price Report - 30 May 2023,https://www.cbsl.gov.lk/sites/default/files/cbslweb_documents/statistics/pricerpt/price_report_20230530_e.pdf
Daily Price Report - 29 May 2023,https://www.cbsl.gov.lk/sites/default/files/cbslweb_documents/statistics/pricerpt/price_report_20230529.pdf
Daily Price Report - 26 May 2023,https://www.cbsl.gov.lk/sites/default/files/cbslweb_documents/statistics/pricerpt/price_report_20230526.pdf
Daily Price Report - 25 May 2023,https://www.cbsl.gov.lk/sites/default/files/cbslweb_documents/statistics/pricerpt/price_report_20230525.pdf
Daily Price Report - 24 May 2023,https://www.cbsl.gov.lk/sites/default/files/cbslweb_documents/statistics/pricerpt/price_report_20230524_e.pdf
Daily Price Report - 23 May 2023,https://www.cbsl.gov.lk/sites/default/files/cbslweb_documents/statistics/pricerpt/price_report_20230523_e.pdf
Daily Price Report - 22 May 2023,https://www.cbsl.gov.lk/sites/default/files/cbslweb_documents/statistics/pricerpt/price_report_20230522.pdf
Daily Price Report - 19 May 2023,https://www.cbsl.gov.lk/sites/default/files/cbslweb_documents/statistics/pricerpt/price_report_20230519.pdf
Daily Price Report - 18 May 2023,https://www.cbsl.gov.lk/sites/default/files/cbslweb_documents/statistics/pricerpt/price_report_20230518_e.pdf
Daily Price Report - 17 May 2023,https://www.cbsl.gov.lk/sites/default/files/cbslweb_documents/statistics/pricerpt/price_report_20230517.pdf
Daily Price Report - 16 May 2023,https://www.cbsl.gov.lk/sites/default/files/cbslweb_documents/statistics/pricerpt/price_report_20230516_e.pdf
Daily Price Report - 15 May 2023,https://www.cbsl.gov.lk/sites/default/files/cbslweb_documents/statistics/pricerpt/price_report_20230515_e.pdf
Daily Price Report - 12 May 2023,https://www.cbsl.gov.lk/sites/default/files/cbslweb_documents/statistics/pricerpt/price_report_20230512_e_0.pdf
Daily Price Report - 11 May 2023,https://www.cbsl.gov.lk/sites/default/files/cbslweb_documents/statistics/pricerpt/price_report_20230511_e_0.pdf
Daily Price Report - 10 May 2023,https://www.cbsl.gov.lk/sites/default/files/cbslweb_documents/statistics/pricerpt/price_report_20230510.pdf
Daily Price Report - 09 May 2023,https://www.cbsl.gov.lk/sites/default/files/cbslweb_documents/statistics/pricerpt/price_report_20230509_e.pdf
Daily Price Report - 08 May 2023,https://www.cbsl.gov.lk/sites/default/files/cbslweb_documents/statistics/pricerpt/price_report_20230508_e.pdf
Daily Price Report - 04 May 2023,https://www.cbsl.gov.lk/sites/default/files/cbslweb_documents/statistics/pricerpt/price_report_20230504_e.pdf
Daily Price Report - 03 May 2023,https://www.cbsl.gov.lk/sites/default/files/cbslweb_documents/statistics/pricerpt/price_report_20230503_e.pdf
Daily Price Report - 02 May 2023,https://www.cbsl.gov.lk/sites/default/files/cbslweb_documents/statistics/pricerpt/price_report_20230502.pdf
Daily Price Report - 28 April 2023,https://www.cbsl.gov.lk/sites/default/files/cbslweb_documents/statistics/pricerpt/price_report_20230428e.pdf
Daily Price Report - 27 April 2023,https://www.cbsl.gov.lk/sites/default/files/cbslweb_documents/statistics/pricerpt/price_report_20230427.pdf
Daily Price Report - 26 April 2023,https://www.cbsl.gov.lk/sites/default/files/cbslweb_documents/statistics/pricerpt/price_report_20230426_e.pdf
Daily Price Report - 25 April 2023,https://www.cbsl.gov.lk/sites/default/files/cbslweb_documents/statistics/pricerpt/price_report_20230425_e.pdf
Daily Price Report - 24 April 2023,https://www.cbsl.gov.lk/sites/default/files/cbslweb_documents/statistics/pricerpt/price_report_20230424_e.pdf
Daily Price Report - 21 April 2023,https://www.cbsl.gov.lk/sites/default/files/cbslweb_documents/statistics/pricerpt/price_report_20230421_e.pdf
Daily Price Report - 20 April 2023,https://www.cbsl.gov.lk/sites/default/files/cbslweb_documents/statistics/pricerpt/price_report_20230420_e.pdf
Daily Price Report - 19 April 2023,https://www.cbsl.gov.lk/sites/default/files/cbslweb_documents/statistics/pricerpt/price_report_20230419_e.pdf
Daily Price Report - 18 April 2023,https://www.cbsl.gov.lk/sites/default/files/cbslweb_documents/statistics/pricerpt/price_report_20230418_e.pdf
Daily Price Report - 17 April 2023,https://www.cbsl.gov.lk/sites/default/files/cbslweb_documents/statistics/pricerpt/price_report_20230417e.pdf
Daily Price Report - 12 April 2023,https://www.cbsl.gov.lk/sites/default/files/cbslweb_documents/statistics/pricerpt/price_report_20230412e.pdf
Daily Price Report - 11 April 2023,https://www.cbsl.gov.lk/sites/default/files/cbslweb_documents/statistics/pricerpt/price_report_20230411.pdf
Daily Price Report - 10 April 2023,https://www.cbsl.gov.lk/sites/default/files/cbslweb_documents/statistics/pricerpt/price_report_20230410_e.pdf
Daily Price Report - 06 April 2023,https://www.cbsl.gov.lk/sites/default/files/cbslweb_documents/statistics/pricerpt/price_report_20230406_e.pdf
Daily Price Report - 04 April 2023,https://www.cbsl.gov.lk/sites/default/files/cbslweb_documents/statistics/pricerpt/price_report_20230404_e.pdf
Daily Price Report - 03 April 2023 ,https://www.cbsl.gov.lk/sites/default/files/cbslweb_documents/statistics/pricerpt/price_report_20230403_e.pdf
Daily Price Report - 31 March 2023,https://www.cbsl.gov.lk/sites/default/files/cbslweb_documents/statistics/pricerpt/price_report_20230331_e.pdf
Daily Price Report - 30 March 2023,https://www.cbsl.gov.lk/sites/default/files/cbslweb_documents/statistics/pricerpt/price_report_20230330_e.pdf
Daily Price Report - 29 March 2023,https://www.cbsl.gov.lk/sites/default/files/cbslweb_documents/statistics/pricerpt/price_report_20230329.pdf
Daily Price Report - 28 March 2023,https://www.cbsl.gov.lk/sites/default/files/cbslweb_documents/statistics/pricerpt/price_report_20230328e.pdf
Daily Price Report - 27 March 2023,https://www.cbsl.gov.lk/sites/default/files/cbslweb_documents/statistics/pricerpt/price_report_20230327_e.pdf
Daily Price Report - 24 March 2023,https://www.cbsl.gov.lk/sites/default/files/cbslweb_documents/statistics/pricerpt/price_report_20230324_e.pdf
Daily Price Report - 23 March 2023,https://www.cbsl.gov.lk/sites/default/files/cbslweb_documents/statistics/pricerpt/price_report_20230323_e.pdf
Daily Price Report - 22 March 2023,https://www.cbsl.gov.lk/sites/default/files/cbslweb_documents/statistics/pricerpt/price_report_20230322_e.pdf
Daily Price Report - 21 March 2023,https://www.cbsl.gov.lk/sites/default/files/cbslweb_documents/statistics/pricerpt/price_report_20230321e.pdf
Daily Price Report - 20 March 2023,https://www.cbsl.gov.lk/sites/default/files/cbslweb_documents/statistics/pricerpt/price_report_20230320.pdf
Daily Price Report - 17 March 2023,https://www.cbsl.gov.lk/sites/default/files/cbslweb_documents/statistics/pricerpt/price_report_20230317.pdf
Daily Price Report - 16 March 2023,https://www.cbsl.gov.lk/sites/default/files/cbslweb_documents/statistics/pricerpt/price_report_20230316.pdf
Daily Price Report - 15 March 2023,https://www.cbsl.gov.lk/sites/default/files/cbslweb_documents/statistics/pricerpt/price_report_20230315.pdf
Daily Price Report - 14 March 2023,https://www.cbsl.gov.lk/sites/default/files/cbslweb_documents/statistics/pricerpt/price_report_20230314.pdf
Daily Price Report - 13 March 2023,https://www.cbsl.gov.lk/sites/default/files/cbslweb_documents/statistics/pricerpt/price_report_20230313e.pdf
Daily Price Report - 10 March 2023,https://www.cbsl.gov.lk/sites/default/files/cbslweb_documents/statistics/pricerpt/price_report_20230310_e.pdf
Daily Price Report - 09 March 2023,https://www.cbsl.gov.lk/sites/default/files/cbslweb_documents/statistics/pricerpt/price_report_20230309e.pdf
Daily Price Report - 08 March 2023,https://www.cbsl.gov.lk/sites/default/files/cbslweb_documents/statistics/pricerpt/price_report_20230308_e.pdf
Daily Price Report - 07 March 2023,https://www.cbsl.gov.lk/sites/default/files/cbslweb_documents/statistics/pricerpt/price_report_20230307_e.pdf
Daily Price Report - 03 March 2023,https://www.cbsl.gov.lk/sites/default/files/cbslweb_documents/statistics/pricerpt/price_report_20230303_e.pdf
Daily Price Report - 02 March 2023,https://www.cbsl.gov.lk/sites/default/files/cbslweb_documents/statistics/pricerpt/price_report_20230302.pdf
Daily Price Report - 01 March 2023,https://www.cbsl.gov.lk/sites/default/files/cbslweb_documents/statistics/pricerpt/price_report_20230301_e.pdf
Daily Price Report - 28 February 2023,https://www.cbsl.gov.lk/sites/default/files/cbslweb_documents/statistics/pricerpt/price_report_20230228_e.pdf
Daily Price Report - 27 February 2023,https://www.cbsl.gov.lk/sites/default/files/cbslweb_documents/statistics/pricerpt/price_report_20230227_e.pdf
Daily Price Report - 24 February 2023,https://www.cbsl.gov.lk/sites/default/files/cbslweb_documents/statistics/pricerpt/price_report_20230224_e.pdf
Daily Price Report - 23 February 2023,https://www.cbsl.gov.lk/sites/default/files/cbslweb_documents/statistics/pricerpt/price_report_20230223e.pdf
Daily Price Report - 22 February 2023,https://www.cbsl.gov.lk/sites/default/files/cbslweb_documents/statistics/pricerpt/price_report_20230222_e.pdf
Daily Price Report - 21 February 2023,https://www.cbsl.gov.lk/sites/default/files/cbslweb_documents/statistics/pricerpt/price_report_20230221.pdf
Daily Price Report - 20 February 2023,https://www.cbsl.gov.lk/sites/default/files/cbslweb_documents/statistics/pricerpt/price_report_20230220.pdf
Daily Price Report - 17 February 2023,https://www.cbsl.gov.lk/sites/default/files/cbslweb_documents/statistics/pricerpt/price_report_20230217e.pdf
Daily Price Report - 16 February 2023,https://www.cbsl.gov.lk/sites/default/files/cbslweb_documents/statistics/pricerpt/price_report_20230216.pdf
Daily Price Report - 15 February 2023,https://www.cbsl.gov.lk/sites/default/files/cbslweb_documents/statistics/pricerpt/price_report_20230215e.pdf
Daily Price Report - 14 February 2023,https://www.cbsl.gov.lk/sites/default/files/cbslweb_documents/statistics/pricerpt/price_report_20230214_e.pdf
Daily Price Report - 13 February 2023,https://www.cbsl.gov.lk/sites/default/files/cbslweb_documents/statistics/pricerpt/price_report_20230213_e.pdf
Daily Price Report - 10 February 2023,https://www.cbsl.gov.lk/sites/default/files/cbslweb_documents/statistics/pricerpt/price_report_20230210.pdf
Daily Price Report - 09 February 2023,https://www.cbsl.gov.lk/sites/default/files/cbslweb_documents/statistics/pricerpt/price_report_20230209e.pdf
Daily Price Report - 08 February 2023,https://www.cbsl.gov.lk/sites/default/files/cbslweb_documents/statistics/pricerpt/price_report_20230208.pdf
Daily Price Report - 07 February 2023,https://www.cbsl.gov.lk/sites/default/files/cbslweb_documents/statistics/pricerpt/price_report_20230207_e.pdf
Daily Price Report - 06 February 2023,https://www.cbsl.gov.lk/sites/default/files/cbslweb_documents/statistics/pricerpt/price_report_20230206_e.pdf
Daily Price Report - 03 February 2023,https://www.cbsl.gov.lk/sites/default/files/cbslweb_documents/statistics/pricerpt/price_report_20230203_e.pdf
Daily Price Report - 02 February 2023,https://www.cbsl.gov.lk/sites/default/files/cbslweb_documents/statistics/pricerpt/price_report_20230202_e.pdf
Daily Price Report - 01 February 2023,https://www.cbsl.gov.lk/sites/default/files/cbslweb_documents/statistics/pricerpt/price_report_20230201.pdf
Daily Price Report - 31 January 2023,https://www.cbsl.gov.lk/sites/default/files/cbslweb_documents/statistics/pricerpt/price_report_20230131_e.pdf
Daily Price Report - 30 January 2023,https://www.cbsl.gov.lk/sites/default/files/cbslweb_documents/statistics/pricerpt/price_report_20230130.pdf
Daily Price Report - 27 January 2023,https://www.cbsl.gov.lk/sites/default/files/cbslweb_documents/statistics/pricerpt/price_report_20230127.pdf
Daily Price Report - 26 January 2023,https://www.cbsl.gov.lk/sites/default/files/cbslweb_documents/statistics/pricerpt/price_report_20230126e.pdf
Daily Price Report - 25 January 2023,https://www.cbsl.gov.lk/sites/default/files/cbslweb_documents/statistics/pricerpt/price_report_20230125_e.pdf
Daily Price Report - 24 January 2023,https://www.cbsl.gov.lk/sites/default/files/cbslweb_documents/statistics/pricerpt/price_report_20230124_e.pdf
Daily Price Report - 23 January 2023,https://www.cbsl.gov.lk/sites/default/files/cbslweb_documents/statistics/pricerpt/price_report_20230123_e.pdf
Daily Price Report - 20 January 2023,https://www.cbsl.gov.lk/sites/default/files/cbslweb_documents/statistics/pricerpt/price_report_20230120_e.pdf
Daily Price Report - 19 January 2023,https://www.cbsl.gov.lk/sites/default/files/cbslweb_documents/statistics/pricerpt/price_report_20230119.pdf
Daily Price Report - 18 January 2023,https://www.cbsl.gov.lk/sites/default/files/cbslweb_documents/statistics/pricerpt/price_report_20230118.pdf
Daily Price Report - 17 January 2023,https://www.cbsl.gov.lk/sites/default/files/cbslweb_documents/statistics/pricerpt/price_report_20230117_e.pdf
Daily Price Report - 13 January 2023,https://www.cbsl.gov.lk/sites/default/files/cbslweb_documents/statistics/pricerpt/price_report_20230113_e.pdf
Daily Price Report - 12 January 2023,https://www.cbsl.gov.lk/sites/default/files/cbslweb_documents/statistics/pricerpt/price_report_20230112_e.pdf
Daily Price Report - 11 January 2023,https://www.cbsl.gov.lk/sites/default/files/cbslweb_documents/statistics/pricerpt/price_report_20230111_e.pdf
Daily Price Report - 10 January 2023,https://www.cbsl.gov.lk/sites/default/files/cbslweb_documents/statistics/pricerpt/price_report_20230110e.pdf
Daily Price Report - 09 January 2023,https://www.cbsl.gov.lk/sites/default/files/cbslweb_documents/statistics/pricerpt/price_report_20230109e.pdf
Daily Price Report - 05 January 2023,https://www.cbsl.gov.lk/sites/default/files/cbslweb_documents/statistics/pricerpt/price_report_20230105_e.pdf
Daily Price Report - 04 January 2023,https://www.cbsl.gov.lk/sites/default/files/cbslweb_documents/statistics/pricerpt/price_report_20230104.pdf
Daily Price Report - 03 January 2023,https://www.cbsl.gov.lk/sites/default/files/cbslweb_documents/statistics/pricerpt/price_report_20230103_e_0.pdf
Daily Price Report - 02 January 2023,https://www.cbsl.gov.lk/sites/default/files/cbslweb_documents/statistics/pricerpt/price_report_20230102e.pdf
Daily Price Report - 30 December 2022,https://www.cbsl.gov.lk/sites/default/files/cbslweb_documents/statistics/pricerpt/price_report_20221230e.pdf
Daily Price Report - 29 December 2022,https://www.cbsl.gov.lk/sites/default/files/cbslweb_documents/statistics/pricerpt/price_report_20221229.pdf
Daily Price Report - 28 December 2022,https://www.cbsl.gov.lk/sites/default/files/cbslweb_documents/statistics/pricerpt/price_report_20221228e.pdf
Daily Price Report - 27 December 2022,https://www.cbsl.gov.lk/sites/default/files/cbslweb_documents/statistics/pricerpt/price_report_20221227e.pdf
Daily Price Report - 23 December 2022,https://www.cbsl.gov.lk/sites/default/files/cbslweb_documents/statistics/pricerpt/price_report_20221223e.pdf
Daily Price Report - 22 December 2022,https://www.cbsl.gov.lk/sites/default/files/cbslweb_documents/statistics/pricerpt/price_report_20221222e.pdf
Daily Price Report - 21 December 2022,https://www.cbsl.gov.lk/sites/default/files/cbslweb_documents/statistics/pricerpt/price_report_20221221e_0.pdf
Daily Price Report - 20 December 2022,https://www.cbsl.gov.lk/sites/default/files/cbslweb_documents/statistics/pricerpt/price_report_20221220e.pdf
Daily Price Report - 19 December 2022,https://www.cbsl.gov.lk/sites/default/files/cbslweb_documents/statistics/pricerpt/price_report_20221219e.pdf
Daily Price Report - 16 December 2022,https://www.cbsl.gov.lk/sites/default/files/cbslweb_documents/statistics/pricerpt/price_report_20221216e.pdf
Daily Price Report - 15 December 2022,https://www.cbsl.gov.lk/sites/default/files/cbslweb_documents/statistics/pricerpt/price_report_20221215e.pdf
Daily Price Report - 14 December 2022,https://www.cbsl.gov.lk/sites/default/files/cbslweb_documents/statistics/pricerpt/price_report_20221214e.pdf
Daily Price Report - 13 December 2022,https://www.cbsl.gov.lk/sites/default/files/cbslweb_documents/statistics/pricerpt/price_report_20221213.pdf
Daily Price Report - 12 December 2022,https://www.cbsl.gov.lk/sites/default/files/cbslweb_documents/statistics/pricerpt/price_report_20221212e.pdf
Daily Price Report - 09 December 2022,https://www.cbsl.gov.lk/sites/default/files/cbslweb_documents/statistics/pricerpt/price_report_20221209.pdf
Daily Price Report - 08 December 2022,https://www.cbsl.gov.lk/sites/default/files/cbslweb_documents/statistics/pricerpt/price_report_20221208e.pdf
Daily Price Report - 06 December 2022,https://www.cbsl.gov.lk/sites/default/files/cbslweb_documents/statistics/pricerpt/price_report_20221206e.pdf
Daily Price Report - 05 December 2022,https://www.cbsl.gov.lk/sites/default/files/cbslweb_documents/statistics/pricerpt/price_report_20221205.pdf
Daily Price Report - 02 December 2022,https://www.cbsl.gov.lk/sites/default/files/cbslweb_documents/statistics/pricerpt/price_report_20221202.pdf
Daily Price Report - 01 December 2022,https://www.cbsl.gov.lk/sites/default/files/cbslweb_documents/statistics/pricerpt/price_report_20221201.pdf
Daily Price Report - 30 November 2022,https://www.cbsl.gov.lk/sites/default/files/cbslweb_documents/statistics/pricerpt/price_report_20221130.pdf
Daily Price Report - 29 November 2022,https://www.cbsl.gov.lk/sites/default/files/cbslweb_documents/statistics/pricerpt/price_report_20221129.pdf
Daily Price Report - 28 November 2022,https://www.cbsl.gov.lk/sites/default/files/cbslweb_documents/statistics/pricerpt/price_report_20221128e.pdf
Daily Price Report - 25 November 2022,https://www.cbsl.gov.lk/sites/default/files/cbslweb_documents/statistics/pricerpt/price_report_20221125e.pdf
Daily Price Report - 24 November 2022,https://www.cbsl.gov.lk/sites/default/files/cbslweb_documents/statistics/pricerpt/price_report_20221124e.pdf
Daily Price Report - 23 November 2022,https://www.cbsl.gov.lk/sites/default/files/cbslweb_documents/statistics/pricerpt/price_report_20221123.pdf
Daily Price Report - 22 November 2022,https://www.cbsl.gov.lk/sites/default/files/cbslweb_documents/statistics/pricerpt/price_report_20221122e.pdf
Daily Price Report - 21 November 2021,https://www.cbsl.gov.lk/sites/default/files/cbslweb_documents/statistics/pricerpt/price_report_20221121e.pdf
Daily Price Report - 18 November 2021,https://www.cbsl.gov.lk/sites/default/files/cbslweb_documents/statistics/pricerpt/price_report_20221118e.pdf
Daily Price Report - 17 November 2022,https://www.cbsl.gov.lk/sites/default/files/cbslweb_documents/statistics/pricerpt/price_report_20221117.pdf
Daily Price Report - 16 November 2022,https://www.cbsl.gov.lk/sites/default/files/cbslweb_documents/statistics/pricerpt/price_report_20221116.pdf
Daily Price Report - 15 November 2022,https://www.cbsl.gov.lk/sites/default/files/cbslweb_documents/statistics/pricerpt/price_report_20221115.pdf
Daily Price Report - 14 November 2022,https://www.cbsl.gov.lk/sites/default/files/cbslweb_documents/statistics/pricerpt/price_report_20221114e_0.pdf
Daily Price Report - 11 November 2022,https://www.cbsl.gov.lk/sites/default/files/cbslweb_documents/statistics/pricerpt/price_report_20221111.pdf
Daily Price Report - 10 November 2022,https://www.cbsl.gov.lk/sites/default/files/cbslweb_documents/statistics/pricerpt/price_report_20221110.pdf
Daily Price Report - 09 November 2022,https://www.cbsl.gov.lk/sites/default/files/cbslweb_documents/statistics/pricerpt/price_report_20221109e.pdf
Daily Price Report - 08 November 2022,https://www.cbsl.gov.lk/sites/default/files/cbslweb_documents/statistics/pricerpt/price_report_20221108e.pdf
Daily Price Report - 04 November 2022,https://www.cbsl.gov.lk/sites/default/files/cbslweb_documents/statistics/pricerpt/price_report_20221104.pdf
Daily Price Report - 03 November 2022,https://www.cbsl.gov.lk/sites/default/files/cbslweb_documents/statistics/pricerpt/price_report_20221103.pdf
Daily Price Report - 02 November 2022,https://www.cbsl.gov.lk/sites/default/files/cbslweb_documents/statistics/pricerpt/price_report_20221102e.pdf
Daily Price Report - 01 November 2022,https://www.cbsl.gov.lk/sites/default/files/cbslweb_documents/statistics/pricerpt/price_report_20221101.pdf
Daily Price Report - 31 October 2022,https://www.cbsl.gov.lk/sites/default/files/cbslweb_documents/statistics/pricerpt/price_report_20221031e.pdf
Daily Price Report - 28 October 2022,https://www.cbsl.gov.lk/sites/default/files/cbslweb_documents/statistics/pricerpt/price_report_20221028e.pdf
Daily Price Report - 27 October 2022,https://www.cbsl.gov.lk/sites/default/files/cbslweb_documents/statistics/pricerpt/price_report_20221027e.pdf
Daily Price Report - 26 October 2022,https://www.cbsl.gov.lk/sites/default/files/cbslweb_documents/statistics/pricerpt/price_report_20221026.pdf
Daily Price Report - 25 October 2022,https://www.cbsl.gov.lk/sites/default/files/cbslweb_documents/statistics/pricerpt/price_report_20221025e.pdf
Daily Price Report - 21 October 2022,https://www.cbsl.gov.lk/sites/default/files/cbslweb_documents/statistics/pricerpt/price_report_20221021.pdf
Daily Price Report - 20 October 2022,https://www.cbsl.gov.lk/sites/default/files/cbslweb_documents/statistics/pricerpt/price_report_20221020.pdf
Daily Price Report - 19 October 2022,https://www.cbsl.gov.lk/sites/default/files/cbslweb_documents/statistics/pricerpt/price_report_20221019.pdf
Daily Price Report - 18 October 2022,https://www.cbsl.gov.lk/sites/default/files/cbslweb_documents/statistics/pricerpt/price_report_20221018.pdf
Daily Price Report - 17 October 2022,https://www.cbsl.gov.lk/sites/default/files/cbslweb_documents/statistics/pricerpt/price_report_20221017.pdf
Daily Price Report - 14 October 2022,https://www.cbsl.gov.lk/sites/default/files/cbslweb_documents/statistics/pricerpt/price_report_20221014.pdf
Daily Price Report - 13 October 2022,https://www.cbsl.gov.lk/sites/default/files/cbslweb_documents/statistics/pricerpt/price_report_20221013.pdf
Daily Price Report - 12 October 2022,https://www.cbsl.gov.lk/sites/default/files/cbslweb_documents/statistics/pricerpt/price_report_20221012e.pdf
Daily Price Report - 11 October 2022,https://www.cbsl.gov.lk/sites/default/files/cbslweb_documents/statistics/pricerpt/price_report_20221011.pdf
Daily Price Report - 07 October 2022,https://www.cbsl.gov.lk/sites/default/files/cbslweb_documents/statistics/pricerpt/price_report_20221007.pdf
Daily Price Report - 06 October 2022,https://www.cbsl.gov.lk/sites/default/files/cbslweb_documents/statistics/pricerpt/price_report_20221006.pdf
Daily Price Report - 05 October 2022,https://www.cbsl.gov.lk/sites/default/files/cbslweb_documents/statistics/pricerpt/price_report_20221005.pdf
Daily Price Report - 04 October 2022,https://www.cbsl.gov.lk/sites/default/files/cbslweb_documents/statistics/pricerpt/price_report_20221004.pdf
Daily Price Report - 03 October 2022,https://www.cbsl.gov.lk/sites/default/files/cbslweb_documents/statistics/pricerpt/price_report_20221003.pdf
Daily Price Report - 30 September 2022,https://www.cbsl.gov.lk/sites/default/files/cbslweb_documents/statistics/pricerpt/price_report_20220930.pdf
Daily Price Report - 29 September 2022,https://www.cbsl.gov.lk/sites/default/files/cbslweb_documents/statistics/pricerpt/price_report_20220929e.pdf
Daily Price Report - 28 September 2022,https://www.cbsl.gov.lk/sites/default/files/cbslweb_documents/statistics/pricerpt/price_report_20220928.pdf
Daily Price Report - 27 September 2022,https://www.cbsl.gov.lk/sites/default/files/cbslweb_documents/statistics/pricerpt/price_report_20220927e.pdf
Daily Price Report - 26 September 2022,https://www.cbsl.gov.lk/sites/default/files/cbslweb_documents/statistics/pricerpt/price_report_20220926e.pdf
Daily Price Report - 23 September 2022,https://www.cbsl.gov.lk/sites/default/files/cbslweb_documents/statistics/pricerpt/price_report_20220923.pdf
Daily Price Report - 22 September 2022,https://www.cbsl.gov.lk/sites/default/files/cbslweb_documents/statistics/pricerpt/price_report_20220922.pdf
Daily Price Report - 21 September 2022,https://www.cbsl.gov.lk/sites/default/files/cbslweb_documents/statistics/pricerpt/price_report_20220921e.pdf
Daily Price Report - 20 September 2022,https://www.cbsl.gov.lk/sites/default/files/cbslweb_documents/statistics/pricerpt/price_report_20220920.pdf
Daily Price Report - 19 September 2022,https://www.cbsl.gov.lk/sites/default/files/cbslweb_documents/statistics/pricerpt/price_report_20220919e.pdf
Daily Price Report - 16 September 2022,https://www.cbsl.gov.lk/sites/default/files/cbslweb_documents/statistics/pricerpt/price_report_20220916e.pdf
Daily Price Report - 15 September 2022,https://www.cbsl.gov.lk/sites/default/files/cbslweb_documents/statistics/pricerpt/price_report_20220915e.pdf
Daily Price Report - 14 September 2022,https://www.cbsl.gov.lk/sites/default/files/cbslweb_documents/statistics/pricerpt/price_report_20220914.pdf
Daily Price Report - 13 September 2022,https://www.cbsl.gov.lk/sites/default/files/cbslweb_documents/statistics/pricerpt/price_report_20220913.pdf
Daily Price Report - 12 September 2022,https://www.cbsl.gov.lk/sites/default/files/cbslweb_documents/statistics/pricerpt/price_report_20220912.pdf
Daily Price Report - 09 September 2022,https://www.cbsl.gov.lk/sites/default/files/cbslweb_documents/statistics/pricerpt/price_report_20220909e.pdf
Daily Price Report - 08 September 2022,https://www.cbsl.gov.lk/sites/default/files/cbslweb_documents/statistics/pricerpt/price_report_20220908.pdf
Daily Price Report - 07 September 2022,https://www.cbsl.gov.lk/sites/default/files/cbslweb_documents/statistics/pricerpt/price_report_20220907.pdf
Daily Price Report - 06 September 2022,https://www.cbsl.gov.lk/sites/default/files/cbslweb_documents/statistics/pricerpt/price_report_20220906e.pdf
Daily Price Report - 05 September 2022,https://www.cbsl.gov.lk/sites/default/files/cbslweb_documents/statistics/pricerpt/price_report_20220905.pdf
Daily Price Report - 02 September 2022,https://www.cbsl.gov.lk/sites/default/files/cbslweb_documents/statistics/pricerpt/price_report_20220902.pdf
Daily Price Report - 01 September 2022,https://www.cbsl.gov.lk/sites/default/files/cbslweb_documents/statistics/pricerpt/price_report_20220901.pdf
Daily Price Report - 31 August 2022,https://www.cbsl.gov.lk/sites/default/files/cbslweb_documents/statistics/pricerpt/price_report_20220831.pdf
Daily Price Report - 30 August 2022,https://www.cbsl.gov.lk/sites/default/files/cbslweb_documents/statistics/pricerpt/price_report_20220830e.pdf
Daily Price Report - 29 August 2022,https://www.cbsl.gov.lk/sites/default/files/cbslweb_documents/statistics/pricerpt/price_report_20220829e.pdf
Daily Price Report - 26 August 2022,https://www.cbsl.gov.lk/sites/default/files/cbslweb_documents/statistics/pricerpt/price_report_20220826e.pdf
Daily Price Report - 25 August 2022,https://www.cbsl.gov.lk/sites/default/files/cbslweb_documents/statistics/pricerpt/price_report_20220825e.pdf
Daily Price Report - 24 August 2022,https://www.cbsl.gov.lk/sites/default/files/cbslweb_documents/statistics/pricerpt/price_report_20220824.pdf
Daily Price Report - 23 August 2022,https://www.cbsl.gov.lk/sites/default/files/cbslweb_documents/statistics/pricerpt/price_report_20220823e.pdf
Daily Price Report - 22 August 2022,https://www.cbsl.gov.lk/sites/default/files/cbslweb_documents/statistics/pricerpt/price_report_20220822.pdf
Daily Price Report - 19 August 2022,https://www.cbsl.gov.lk/sites/default/files/cbslweb_documents/statistics/pricerpt/price_report_20220819.pdf
Daily Price Report - 18 August 2022,https://www.cbsl.gov.lk/sites/default/files/cbslweb_documents/statistics/pricerpt/price_report_20220818e.pdf
Daily Price Report - 17 August 2022,https://www.cbsl.gov.lk/sites/default/files/cbslweb_documents/statistics/pricerpt/price_report_20220817.pdf
Daily Price Report - 16 August 2022,https://www.cbsl.gov.lk/sites/default/files/cbslweb_documents/statistics/pricerpt/price_report_20220816e.pdf
Daily Price Report - 15 August 2022,https://www.cbsl.gov.lk/sites/default/files/cbslweb_documents/statistics/pricerpt/price_report_20220815e.pdf
Daily Price Report - 12 August 2022,https://www.cbsl.gov.lk/sites/default/files/cbslweb_documents/statistics/pricerpt/price_report_20220812e.pdf
Daily Price Report - 10 August 2022,https://www.cbsl.gov.lk/sites/default/files/cbslweb_documents/statistics/pricerpt/price_report_20220810e.pdf
Daily Price Report - 09 August 2022,https://www.cbsl.gov.lk/sites/default/files/cbslweb_documents/statistics/pricerpt/price_report_20220809.pdf
Daily Price Report - 08 August 2022,https://www.cbsl.gov.lk/sites/default/files/cbslweb_documents/statistics/pricerpt/price_report_20220808.pdf
Daily Price Report - 05 August 2022,https://www.cbsl.gov.lk/sites/default/files/cbslweb_documents/statistics/pricerpt/price_report_20220805.pdf
Daily Price Report - 04 August 2022,https://www.cbsl.gov.lk/sites/default/files/cbslweb_documents/statistics/pricerpt/price_report_20220804.pdf
Daily Price Report - 03 August 2022,https://www.cbsl.gov.lk/sites/default/files/cbslweb_documents/statistics/pricerpt/price_report_20220803.pdf
Daily Price Report - 02 August 2022,https://www.cbsl.gov.lk/sites/default/files/cbslweb_documents/statistics/pricerpt/price_report_20220802.pdf
Daily Price Report - 01 August 2022,https://www.cbsl.gov.lk/sites/default/files/cbslweb_documents/statistics/pricerpt/price_report_20220801.pdf
Daily Price Report - 29 July 2022,https://www.cbsl.gov.lk/sites/default/files/cbslweb_documents/statistics/pricerpt/price_report_20220729.pdf
Daily Price Report - 28 July 2022,https://www.cbsl.gov.lk/sites/default/files/cbslweb_documents/statistics/pricerpt/price_report_20220728e.pdf
Daily Price Report - 27 July 2022,https://www.cbsl.gov.lk/sites/default/files/cbslweb_documents/statistics/pricerpt/price_report_20220727e.pdf
Daily Price Report - 26 July 2022,https://www.cbsl.gov.lk/sites/default/files/cbslweb_documents/statistics/pricerpt/price_report_20220726e.pdf
Daily Price Report - 25 July 2022,https://www.cbsl.gov.lk/sites/default/files/cbslweb_documents/statistics/pricerpt/price_report_20220725e.pdf
Daily Price Report - 22 July 2022,https://www.cbsl.gov.lk/sites/default/files/cbslweb_documents/statistics/pricerpt/price_report_20220722.pdf
Daily Price Report - 21 July 2022,https://www.cbsl.gov.lk/sites/default/files/cbslweb_documents/statistics/pricerpt/price_report_20220721_0.pdf
Daily Price Report - 20 July 2022,https://www.cbsl.gov.lk/sites/default/files/cbslweb_documents/statistics/pricerpt/price_report_20220720.pdf
Daily Price Report - 19 July 2022,https://www.cbsl.gov.lk/sites/default/files/cbslweb_documents/statistics/pricerpt/price_report_20220719.pdf
Daily Price Report - 18 July 2022,https://www.cbsl.gov.lk/sites/default/files/cbslweb_documents/statistics/pricerpt/price_report_20220718.pdf
Daily Price Report - 15 July 2022,https://www.cbsl.gov.lk/sites/default/files/cbslweb_documents/statistics/pricerpt/price_report_20220715.pdf
Daily Price Report - 14 July 2022,https://www.cbsl.gov.lk/sites/default/files/cbslweb_documents/statistics/pricerpt/price_report_20220714.pdf
Daily Price Report - 12 July 2022,https://www.cbsl.gov.lk/sites/default/files/cbslweb_documents/statistics/pricerpt/price_report_20220712e.pdf
Daily Price Report - 11 July 2022,https://www.cbsl.gov.lk/sites/default/files/cbslweb_documents/statistics/pricerpt/price_report_20220711.pdf
Daily Price Report - 08 July 2022,https://www.cbsl.gov.lk/sites/default/files/cbslweb_documents/statistics/pricerpt/price_report_20220708.pdf
Daily Price Report - 07 July 2022,https://www.cbsl.gov.lk/sites/default/files/cbslweb_documents/statistics/pricerpt/price_report_20220707.pdf
Daily Price Report - 06 July 2022,https://www.cbsl.gov.lk/sites/default/files/cbslweb_documents/statistics/pricerpt/price_report_20220706.pdf
Daily Price Report - 05 July 2022,https://www.cbsl.gov.lk/sites/default/files/cbslweb_documents/statistics/pricerpt/price_report_20220705e.pdf
Daily Price Report - 04 July 2022,https://www.cbsl.gov.lk/sites/default/files/cbslweb_documents/statistics/pricerpt/price_report_20220704.pdf
Daily Price Report - 01 July 2022,https://www.cbsl.gov.lk/sites/default/files/cbslweb_documents/statistics/pricerpt/price_report_20220701.pdf
Daily Price Report - 30 June 2022,https://www.cbsl.gov.lk/sites/default/files/cbslweb_documents/statistics/pricerpt/price_report_20220630.pdf
Daily Price Report - 29 June 2022,https://www.cbsl.gov.lk/sites/default/files/cbslweb_documents/statistics/pricerpt/price_report_20220629e.pdf
Daily Price Report - 28 June 2022,https://www.cbsl.gov.lk/sites/default/files/cbslweb_documents/statistics/pricerpt/price_report_20220628e.pdf
Daily Price Report - 27 June 2022,https://www.cbsl.gov.lk/sites/default/files/cbslweb_documents/statistics/pricerpt/price_report_20220627.pdf
Daily Price Report - 24 June 2022,https://www.cbsl.gov.lk/sites/default/files/cbslweb_documents/statistics/pricerpt/price_report_20220624e.pdf
Daily Price Report - 23 June 2022,https://www.cbsl.gov.lk/sites/default/files/cbslweb_documents/statistics/pricerpt/price_report_20220623.pdf
Daily Price Report - 22 June 2022,https://www.cbsl.gov.lk/sites/default/files/cbslweb_documents/statistics/pricerpt/price_report_20220621_0.pdf
Daily Price Report - 21 June 2022,https://www.cbsl.gov.lk/sites/default/files/cbslweb_documents/statistics/pricerpt/price_report_20220621.pdf
Daily Price Report - 20 June 2022,https://www.cbsl.gov.lk/sites/default/files/cbslweb_documents/statistics/pricerpt/price_report_20220620.pdf
Daily Price Report - 17 June 2022,https://www.cbsl.gov.lk/sites/default/files/cbslweb_documents/statistics/pricerpt/price_report_20220617.pdf
Daily Price Report - 16 June 2022,https://www.cbsl.gov.lk/sites/default/files/cbslweb_documents/statistics/pricerpt/price_report_20220616.pdf
Daily Price Report - 15 June 2022,https://www.cbsl.gov.lk/sites/default/files/cbslweb_documents/statistics/pricerpt/price_report_20220615.pdf
Daily Price Report - 13 June 2022,https://www.cbsl.gov.lk/sites/default/files/cbslweb_documents/statistics/pricerpt/price_report_20220613.pdf
Daily Price Report - 10 June 2022,https://www.cbsl.gov.lk/sites/default/files/cbslweb_documents/statistics/pricerpt/price_report_20220610.pdf
Daily Price Report - 09 June 2022,https://www.cbsl.gov.lk/sites/default/files/cbslweb_documents/statistics/pricerpt/price_report_20220609e.pdf
Daily Price Report - 08 June 2022,https://www.cbsl.gov.lk/sites/default/files/cbslweb_documents/statistics/pricerpt/price_report_20220608e.pdf
Daily Price Report - 07 June 2022,https://www.cbsl.gov.lk/sites/default/files/cbslweb_documents/statistics/pricerpt/price_report_20220607.pdf
Daily Price Report - 06 June 2022,https://www.cbsl.gov.lk/sites/default/files/cbslweb_documents/statistics/pricerpt/price_report_20220606.pdf
Daily Price Report - 03 June 2022,https://www.cbsl.gov.lk/sites/default/files/cbslweb_documents/statistics/pricerpt/price_report_20220603e.pdf
Daily Price Report - 02 June 2022,https://www.cbsl.gov.lk/sites/default/files/cbslweb_documents/statistics/pricerpt/price_report_20220602e.pdf
Daily Price Report - 01 June 2022,https://www.cbsl.gov.lk/sites/default/files/cbslweb_documents/statistics/pricerpt/price_report_20220601.pdf
Daily Price Report - 31 May 2022,https://www.cbsl.gov.lk/sites/default/files/cbslweb_documents/statistics/pricerpt/price_report_20220531e.pdf
Daily Price Report - 30 May 2022,https://www.cbsl.gov.lk/sites/default/files/cbslweb_documents/statistics/pricerpt/price_report_20220530.pdf
Daily Price Report - 27 May 2022,https://www.cbsl.gov.lk/sites/default/files/cbslweb_documents/statistics/pricerpt/price_report_20220527e.pdf
Daily Price Report - 26 May 2022,https://www.cbsl.gov.lk/sites/default/files/cbslweb_documents/statistics/pricerpt/price_report_20220526.pdf
Daily Price Report - 25 May 2022,https://www.cbsl.gov.lk/sites/default/files/cbslweb_documents/statistics/pricerpt/price_report_20220525.pdf
Daily Price Report - 24 May 2022,https://www.cbsl.gov.lk/sites/default/files/cbslweb_documents/statistics/pricerpt/price_report_20220524.pdf
Daily Price Report - 23 May 2022,https://www.cbsl.gov.lk/sites/default/files/cbslweb_documents/statistics/pricerpt/price_report_20220523.pdf
Daily Price Report - 20 May 2022,https://www.cbsl.gov.lk/sites/default/files/cbslweb_documents/statistics/pricerpt/price_report_20220520.pdf
Daily Price Report - 19 May 2022,https://www.cbsl.gov.lk/sites/default/files/cbslweb_documents/statistics/pricerpt/price_report_20220519e.pdf
Daily Price Report - 18 May 2022,https://www.cbsl.gov.lk/sites/default/files/cbslweb_documents/statistics/pricerpt/price_report_20220518e.pdf
Daily Price Report - 17 May 2022,https://www.cbsl.gov.lk/sites/default/files/cbslweb_documents/statistics/pricerpt/price_report_20220517.pdf
Daily Price Report - 13 May 2022,https://www.cbsl.gov.lk/sites/default/files/cbslweb_documents/statistics/pricerpt/price_report_20220513e.pdf
Daily Price Report - 12 May 2022,https://www.cbsl.gov.lk/sites/default/files/cbslweb_documents/statistics/pricerpt/price_report_20220512.pdf
Daily Price Report - 09 May 2022,https://www.cbsl.gov.lk/sites/default/files/cbslweb_documents/statistics/pricerpt/price_report_20220509e.pdf
Daily Price Report - 06 May 2022,https://www.cbsl.gov.lk/sites/default/files/cbslweb_documents/statistics/pricerpt/price_report_20220506e.pdf
Daily Price Report - 05 May 2022,https://www.cbsl.gov.lk/sites/default/files/cbslweb_documents/statistics/pricerpt/price_report_20220505e.pdf
Daily Price Report - 04 May 2022,https://www.cbsl.gov.lk/sites/default/files/cbslweb_documents/statistics/pricerpt/price_report_20220504e.pdf
Daily Price Report - 29 April 2022,https://www.cbsl.gov.lk/sites/default/files/cbslweb_documents/statistics/pricerpt/price_report_20220429e.pdf
Daily Price Report - 28 April 2022,https://www.cbsl.gov.lk/sites/default/files/cbslweb_documents/statistics/pricerpt/price_report_20220428e.pdf
Daily Price Report - 27 April 2022,https://www.cbsl.gov.lk/sites/default/files/cbslweb_documents/statistics/pricerpt/price_report_20220427e.pdf
Daily Price Report - 26 April 2022,https://www.cbsl.gov.lk/sites/default/files/cbslweb_documents/statistics/pricerpt/price_report_20220426e.pdf
Daily Price Report - 25 April 2022,https://www.cbsl.gov.lk/sites/default/files/cbslweb_documents/statistics/pricerpt/price_report_20220425.pdf
Daily Price Report - 22 April 2022,https://www.cbsl.gov.lk/sites/default/files/cbslweb_documents/statistics/pricerpt/price_report_20220422e.pdf
Daily Price Report - 21 April 2022,https://www.cbsl.gov.lk/sites/default/files/cbslweb_documents/statistics/pricerpt/price_report_20220421e.pdf
Daily Price Report - 20 April 2022,https://www.cbsl.gov.lk/sites/default/files/cbslweb_documents/statistics/pricerpt/price_report_20220420e.pdf
Daily Price Report - 19 April 2022,https://www.cbsl.gov.lk/sites/default/files/cbslweb_documents/statistics/pricerpt/price_report_20220419.pdf
Daily Price Report - 18 April 2022,https://www.cbsl.gov.lk/sites/default/files/cbslweb_documents/statistics/pricerpt/price_report_20220418e.pdf
Daily Price Report - 12 April 2022,https://www.cbsl.gov.lk/sites/default/files/cbslweb_documents/statistics/pricerpt/price_report_20220412.pdf
Daily Price Report - 11 April 2022,https://www.cbsl.gov.lk/sites/default/files/cbslweb_documents/statistics/pricerpt/price_report_20220411e.pdf
Daily Price Report - 08 April 2022,https://www.cbsl.gov.lk/sites/default/files/cbslweb_documents/statistics/pricerpt/price_report_20220408.pdf
Daily Price Report - 07 April 2022,https://www.cbsl.gov.lk/sites/default/files/cbslweb_documents/statistics/pricerpt/price_report_20220407.pdf
Daily Price Report - 06 April 2022,https://www.cbsl.gov.lk/sites/default/files/cbslweb_documents/statistics/pricerpt/price_report_20220406.pdf
Daily Price Report - 05 April 2022,https://www.cbsl.gov.lk/sites/default/files/cbslweb_documents/statistics/pricerpt/price_report_20220405.pdf
Daily Price Report - 04 April 2022,https://www.cbsl.gov.lk/sites/default/files/cbslweb_documents/statistics/pricerpt/price_report_20220404e.pdf
Daily Price Report - 01 April 2022,https://www.cbsl.gov.lk/sites/default/files/cbslweb_documents/statistics/pricerpt/price_report_20220401.pdf
Daily Price Report - 31 March 2022,https://www.cbsl.gov.lk/sites/default/files/cbslweb_documents/statistics/pricerpt/price_report_20220331e.pdf
Daily Price Report - 30 March 2022,https://www.cbsl.gov.lk/sites/default/files/cbslweb_documents/statistics/pricerpt/price_report_20220330.pdf
Daily Price Report - 29 March 2022,https://www.cbsl.gov.lk/sites/default/files/cbslweb_documents/statistics/pricerpt/price_report_20220329.pdf
Daily Price Report - 28 March 2022,https://www.cbsl.gov.lk/sites/default/files/cbslweb_documents/statistics/pricerpt/price_report_20220328e.pdf
Daily Price Report - 25 March 2022,https://www.cbsl.gov.lk/sites/default/files/cbslweb_documents/statistics/pricerpt/price_report_20220325.pdf
Daily Price Report - 24 March 2022,https://www.cbsl.gov.lk/sites/default/files/cbslweb_documents/statistics/pricerpt/price_report_20220324e.pdf
Daily Price Report - 23 March 2022,https://www.cbsl.gov.lk/sites/default/files/cbslweb_documents/statistics/pricerpt/price_report_20220323e.pdf
Daily Price Report - 22 March 2022,https://www.cbsl.gov.lk/sites/default/files/cbslweb_documents/statistics/pricerpt/price_report_20220322e.pdf
Daily Price Report - 21 March 2022,https://www.cbsl.gov.lk/sites/default/files/cbslweb_documents/statistics/pricerpt/price_report_20220321e.pdf
Daily Price Report - 18 March 2022,https://www.cbsl.gov.lk/sites/default/files/cbslweb_documents/statistics/pricerpt/price_report_20220318e.pdf
Daily Price Report - 16 March 2022,https://www.cbsl.gov.lk/sites/default/files/cbslweb_documents/statistics/pricerpt/price_report_20220316.pdf
Daily Price Report - 15 March 2022,https://www.cbsl.gov.lk/sites/default/files/cbslweb_documents/statistics/pricerpt/price_report_20220315e.pdf
Daily Price Report - 14 March 2022,https://www.cbsl.gov.lk/sites/default/files/cbslweb_documents/statistics/pricerpt/price_report_20220314.pdf
Daily Price Report - 11 March 2022,https://www.cbsl.gov.lk/sites/default/files/cbslweb_documents/statistics/pricerpt/price_report_20220311.pdf
Daily Price Report - 10 March 2022,https://www.cbsl.gov.lk/sites/default/files/cbslweb_documents/statistics/pricerpt/price_report_20220310.pdf
Daily Price Report - 09 March 2022,https://www.cbsl.gov.lk/sites/default/files/cbslweb_documents/statistics/pricerpt/price_report_20220309.pdf
Daily Price Report - 08 March 2022,https://www.cbsl.gov.lk/sites/default/files/cbslweb_documents/statistics/pricerpt/price_report_20220308e.pdf
Daily Price Report - 07 March 2022,https://www.cbsl.gov.lk/sites/default/files/cbslweb_documents/statistics/pricerpt/price_report_20220307e.pdf
Daily Price Report - 04 March 2022,https://www.cbsl.gov.lk/sites/default/files/cbslweb_documents/statistics/pricerpt/price_report_20220304.pdf
Daily Price Report - 03 March 2022,https://www.cbsl.gov.lk/sites/default/files/cbslweb_documents/statistics/pricerpt/price_report_20220303e.pdf
Daily Price Report - 02 March 2022,https://www.cbsl.gov.lk/sites/default/files/cbslweb_documents/statistics/pricerpt/price_report_20220302.pdf
Daily Price Report - 28 February 2022,https://www.cbsl.gov.lk/sites/default/files/cbslweb_documents/statistics/pricerpt/price_report_20220228.pdf
Daily Price Report - 25 February 2022,https://www.cbsl.gov.lk/sites/default/files/cbslweb_documents/statistics/pricerpt/price_report_20220225.pdf
Daily Price Report - 24 February 2022,https://www.cbsl.gov.lk/sites/default/files/cbslweb_documents/statistics/pricerpt/price_report_20220224e.pdf
Daily Price Report - 23 February 2022,https://www.cbsl.gov.lk/sites/default/files/cbslweb_documents/statistics/pricerpt/price_report_20220223e.pdf
Daily Price Report - 22 February 2022,https://www.cbsl.gov.lk/sites/default/files/cbslweb_documents/statistics/pricerpt/price_report_20220222.pdf
Daily Price Report - 21 February 2022,https://www.cbsl.gov.lk/sites/default/files/cbslweb_documents/statistics/pricerpt/price_report_20220221.pdf
Daily Price Report - 18 February 2022,https://www.cbsl.gov.lk/sites/default/files/cbslweb_documents/statistics/pricerpt/price_report_20220218e.pdf
Daily Price Report - 17 February 2022,https://www.cbsl.gov.lk/sites/default/files/cbslweb_documents/statistics/pricerpt/price_report_20220217e.pdf
Daily Price Report - 15 February 2022,https://www.cbsl.gov.lk/sites/default/files/cbslweb_documents/statistics/pricerpt/price_report_20220215.pdf
Daily Price Report - 14 February 2022,https://www.cbsl.gov.lk/sites/default/files/cbslweb_documents/statistics/pricerpt/price_report_20220214e.pdf
Daily Price Report - 11 February 2022,https://www.cbsl.gov.lk/sites/default/files/cbslweb_documents/statistics/pricerpt/price_report_20220211.pdf
Daily Price Report - 10 February 2022,https://www.cbsl.gov.lk/sites/default/files/cbslweb_documents/statistics/pricerpt/price_report_20220210e.pdf
Daily Price Report - 09 February 2022,https://www.cbsl.gov.lk/sites/default/files/cbslweb_documents/statistics/pricerpt/price_report_20220209e.pdf
Daily Price Report - 08 February 2022,https://www.cbsl.gov.lk/sites/default/files/cbslweb_documents/statistics/pricerpt/price_report_20220208e.pdf
Daily Price Report - 07 February 2022,https://www.cbsl.gov.lk/sites/default/files/cbslweb_documents/statistics/pricerpt/price_report_20220207e.pdf
Daily Price Report - 03 February 2022,https://www.cbsl.gov.lk/sites/default/files/cbslweb_documents/statistics/pricerpt/price_report_20220203.pdf
Daily Price Report - 02 February 2022,https://www.cbsl.gov.lk/sites/default/files/cbslweb_documents/statistics/pricerpt/price_report_20220202.pdf
Daily Price Report - 01 February 2022,https://www.cbsl.gov.lk/sites/default/files/cbslweb_documents/statistics/pricerpt/price_report_20220201e.pdf
Daily Price Report - 31 January 2022,https://www.cbsl.gov.lk/sites/default/files/cbslweb_documents/statistics/pricerpt/price_report_20220131e.pdf
Daily Price Report - 28 January 2022,https://www.cbsl.gov.lk/sites/default/files/cbslweb_documents/statistics/pricerpt/price_report_20220128.pdf
Daily Price Report - 27 January 2022,https://www.cbsl.gov.lk/sites/default/files/cbslweb_documents/statistics/pricerpt/price_report_20220127e.pdf
Daily Price Report - 26 January 2022,https://www.cbsl.gov.lk/sites/default/files/cbslweb_documents/statistics/pricerpt/price_report_20220126e.pdf
Daily Price Report - 25 January 2022,https://www.cbsl.gov.lk/sites/default/files/cbslweb_documents/statistics/pricerpt/price_report_20220125.pdf
Daily Price Report - 24 January 2022,https://www.cbsl.gov.lk/sites/default/files/cbslweb_documents/statistics/pricerpt/price_report_20220124e.pdf
Daily Price Report - 21 January 2022,https://www.cbsl.gov.lk/sites/default/files/cbslweb_documents/statistics/pricerpt/price_report_20220121.pdf
Daily Price Report - 20 January 2022,https://www.cbsl.gov.lk/sites/default/files/cbslweb_documents/statistics/pricerpt/price_report_20220120.pdf
Daily Price Report - 19 January 2022,https://www.cbsl.gov.lk/sites/default/files/cbslweb_documents/statistics/pricerpt/price_report_20220119.pdf
Daily Price Report - 18 January 2022,https://www.cbsl.gov.lk/sites/default/files/cbslweb_documents/statistics/pricerpt/price_report_20220118e.pdf
Daily Price Report - 13 January 2022,https://www.cbsl.gov.lk/sites/default/files/cbslweb_documents/statistics/pricerpt/price_report_20220113e.pdf
Daily Price Report - 12 January 2022,https://www.cbsl.gov.lk/sites/default/files/cbslweb_documents/statistics/pricerpt/price_report_20220112e_0.pdf
Daily Price Report - 11 January 2022,https://www.cbsl.gov.lk/sites/default/files/cbslweb_documents/statistics/pricerpt/price_report_20220111.pdf
Daily Price Report - 10 January 2022,https://www.cbsl.gov.lk/sites/default/files/cbslweb_documents/statistics/pricerpt/price_report_20220110.pdf
Daily Price Report - 07 January 2022,https://www.cbsl.gov.lk/sites/default/files/cbslweb_documents/statistics/pricerpt/price_report_20220107.pdf
Daily Price Report - 06 January 2022,https://www.cbsl.gov.lk/sites/default/files/cbslweb_documents/statistics/pricerpt/price_report_20220106e.pdf
Daily Price Report - 05 January 2022,https://www.cbsl.gov.lk/sites/default/files/cbslweb_documents/statistics/pricerpt/price_report_20220105e.pdf
Daily Price Report - 04 January 2022,https://www.cbsl.gov.lk/sites/default/files/cbslweb_documents/statistics/pricerpt/price_report_20220104e.pdf
Daily Price Report - 03 January 2022,https://www.cbsl.gov.lk/sites/default/files/cbslweb_documents/statistics/pricerpt/price_report_20220103.pdf
Daily Price Report - 31 December 2021,https://www.cbsl.gov.lk/sites/default/files/cbslweb_documents/statistics/pricerpt/price_report_20211231.pdf
Daily Price Report - 30 December 2021,https://www.cbsl.gov.lk/sites/default/files/cbslweb_documents/statistics/pricerpt/price_report_20211230e.pdf
Daily Price Report - 29 December 2021,https://www.cbsl.gov.lk/sites/default/files/cbslweb_documents/statistics/pricerpt/price_report_20211229.pdf
Daily Price Report - 28 December 2021,https://www.cbsl.gov.lk/sites/default/files/cbslweb_documents/statistics/pricerpt/price_report_20211228e.pdf
Daily Price Report - 27 December 2021,https://www.cbsl.gov.lk/sites/default/files/cbslweb_documents/statistics/pricerpt/price_report_20211227.pdf
Daily Price Report - 24 December 2021,https://www.cbsl.gov.lk/sites/default/files/cbslweb_documents/statistics/pricerpt/price_report_20211224e.pdf
Daily Price Report - 23 December 2021,https://www.cbsl.gov.lk/sites/default/files/cbslweb_documents/statistics/pricerpt/price_report_20211223.pdf
Daily Price Report - 22 December 2021,https://www.cbsl.gov.lk/sites/default/files/cbslweb_documents/statistics/pricerpt/price_report_20211222.pdf
Daily Price Report - 21 December 2021,https://www.cbsl.gov.lk/sites/default/files/cbslweb_documents/statistics/pricerpt/price_report_20211221.pdf
Daily Price Report - 20 December 2021,https://www.cbsl.gov.lk/sites/default/files/cbslweb_documents/statistics/pricerpt/price_report_20211220.pdf
Daily Price Report - 17 December 2021,https://www.cbsl.gov.lk/sites/default/files/cbslweb_documents/statistics/pricerpt/price_report_20211217.pdf
Daily Price Report - 16 December 2021,https://www.cbsl.gov.lk/sites/default/files/cbslweb_documents/statistics/pricerpt/price_report_20211216e.pdf
Daily Price Report - 15 December 2021,https://www.cbsl.gov.lk/sites/default/files/cbslweb_documents/statistics/pricerpt/price_report_20211215e.pdf
Daily Price Report - 14 December 2021,https://www.cbsl.gov.lk/sites/default/files/cbslweb_documents/statistics/pricerpt/price_report_20211214.pdf
